Attribution_Model,Projected_Revenue,Gap_vs_Shapley_Weekly,Gap_vs_Shapley_Annual
Last Click,110586.92460914666,-93015.99320796286,-4836831.646814069
First Click,63385.627216926296,-140217.29060018325,-7291299.1112095285
Linear,87324.0018582098,-116278.91595889973,-6046503.629862786
Time Decay,92668.16364356824,-110934.75417354128,-5768607.217024147
Shapley,203602.91781710953,0.0,0.0
Current,110185.92989787488,-93416.98791923464,-4857683.371800201
